{"cameraMode":{"drawMode":0,"name":"Shaded","section":"Shading Mode"},"sceneLighting":true,"audioPlay":false,"sceneViewState":{"m_AlwaysRefresh":false,"showFog":true,"showSkybox":true,"showFlares":true,"showImageEffects":true,"showParticleSystems":true,"showVisualEffectGraphs":true,"m_FxEnabled":true},"in2DMode":false,"pivot":{"x":-1.5176520347595215,"y":8.053702354431153,"z":1.3149425983428956},"rotation":{"x":-0.011247682385146618,"y":0.9738066792488098,"z":-0.22166110575199128,"w":-0.04941335693001747},"size":38.26740264892578,"orthographic":false}